DATA_RILEVAZIONE,BENZINA,GASOLIO_AUTO,GPL,GASOLIO_RISCALDAMENTO,O.C._FLUIDO_BTZ,O.C._DENSO_BTZ
2005-01-03,371.15,445.36,303.8,387.21,336.11,198.13
2005-01-10,348.03,433.78,303.86,386.74,337,206.98
2005-01-17,348.14,433.72,303.28,390.47,344.78,214.5
2005-01-24,349.7,433.72,303.28,400.11,354.45,212.45
2005-01-31,384.79,448.96,303.28,407.58,359.73,211.14
2005-02-07,387.92,449.02,303.28,393.17,347.05,218.85
2005-02-14,387.93,448.84,303.28,399.71,348.79,215.47
2005-02-21,388.06,449.12,303.28,403.7,348.62,211.45
2005-02-28,382.7,439.38,303.28,421.31,353.13,226.78
2005-03-07,401.65,459.99,303.69,440.17,366.87,235.4
2005-03-14,424.25,480.93,304.68,435.96,366.98,241.7
2005-03-21,424.32,481.05,304.68,442.54,368.87,245.47
2005-04-04,425.93,482.53,304.68,451.08,381.5,258.39
2005-04-11,466.29,522.67,304.89,455.82,386.09,282.14
2005-04-18,466.29,522.67,304.89,445.53,381.13,257.81
2005-04-25,465.08,521.54,304.89,443.52,383.37,263.43
2005-05-02,465.08,497.77,304.38,437.1,378.87,258.02
2005-05-09,448.82,480.93,304.38,430.75,371.73,248.6
2005-05-16,436.93,472.52,304.38,418.74,358.86,252.67
2005-05-23,424.55,464.23,304.38,422.15,365.7,260.94
2005-05-30,424.55,464.23,304.38,430.96,373.23,255.83
2005-06-06,434.22,482.46,304.38,450.43,379.47,258.67
2005-06-13,449.55,505.63,304.38,462.63,388.48,260.86
2005-06-20,449.7,507.03,304.38,471.8,394.81,279.96
2005-06-27,461.99,521.04,304.38,479.74,411.21,297.39
2005-07-04,474.16,529.54,304.58,483.81,419.58,285.17
2005-07-11,474.46,530.31,304.58,498.2,422.14,298.02
2005-07-18,475.72,531.48,304.58,490.67,419.67,293.94
2005-07-25,474.08,530.44,304.58,477.37,421.58,287.68
2005-08-01,474.55,530.44,304.58,482.35,414.46,290.31
2005-08-08,474.55,531.02,304.58,484.55,423.41,290.17
2005-08-22,499,551.38,306.01,503.23,421.2,294.82
2005-08-29,500.21,551.92,306.01,523.07,437.78,297.89
2005-09-05,525.08,569.61,306.01,553.65,459.31,328.03
2005-09-12,544.2,592.75,325.23,531.55,448.61,319.06
2005-09-19,516.38,569.18,325.88,533.88,456.78,325.33
2005-09-26,513.85,568.39,326.33,542.16,469.1,341.81
2005-10-03,548.68,601.25,337.75,554.67,465.73,340.44
2005-10-10,550.88,602.08,342.55,544.15,461.86,320.74
2005-10-17,547.72,600.93,342.55,551.4,472.21,337.46
2005-10-24,515.65,593.79,342.55,534.78,468.54,332.02
2005-10-31,483.34,561.18,344.46,533.12,468,329.84
2005-11-07,481.9,559.78,347.11,517.06,456.41,312.3
2005-11-14,474.29,535.61,348.85,506.74,456.83,314.45
2005-11-21,458.18,519.05,364.98,505.84,454.46,320.6
2005-11-28,457.83,519.05,367.55,492.32,458.42,306.15
2005-12-05,442.01,510.41,374,500.77,452.24,296.79
2005-12-12,448.07,516.04,374,503.34,457.01,321.56
2005-12-19,459.36,527.3,374.64,509.63,460.6,319.75
2006-01-02,450.35,518.49,374.64,499.35,450.39,315.28
2006-01-09,482.43,550.13,396.71,519.73,462.21,330.55
2006-01-16,485.75,551.19,401.49,515.2,462.07,330.33
2006-01-23,486.07,551.13,402.91,527.06,469.51,345.05
2006-01-30,486.27,551.46,406.17,522.58,471.63,339.09
2006-02-06,484.48,551.39,406.59,523.76,476.38,348.71
2006-02-13,484.27,551.39,406.59,515.43,477.51,352.57
2006-02-20,459.63,534.67,406.59,513.54,475.85,348.7
2006-02-27,457.97,535.32,406.59,516.15,481.03,355.41
2006-03-06,482.67,559.52,411.08,532.98,485.98,344.13
2006-03-13,482.67,559.63,411.08,522.89,476.46,333.81
2006-03-20,487.51,561.25,411.08,525.39,483.02,339.28
2006-03-27,487.23,561.55,411.08,527.16,475.92,331.43
2006-04-03,508.21,561.59,404.62,532.41,484.71,328.62
2006-04-10,510.98,561.68,389.36,531.82,478.91,329.38
2006-04-24,551.02,593.74,386.37,554.19,484.71,339.19
2006-05-01,554.38,596.03,386.37,555.21,475.83,334.25
2006-05-02,554.38,596.03,386.37,555.21,475.83,334.25
2006-05-08,557.07,597.52,386.37,549.88,485.29,331.17
2006-05-15,556.18,588.69,386.37,559.8,475.88,331.04
2006-05-22,550.45,585.52,386.37,543.62,480.92,324.36
2006-05-29,549.18,584.06,386.37,542.37,482.06,328.83
2006-06-05,549.67,584.49,386.37,541.75,479.13,326.87
2006-06-12,549.93,584.6,386.37,543.34,476.68,320
2006-06-19,549.93,584.6,386.37,546.45,482.96,311.01
2006-06-26,549.93,584.6,386.37,547.16,482.36,311.05
2006-07-03,564.41,584.6,386.37,550.45,479.22,311.18
2006-07-10,575.26,588.56,386.37,546.4,481.21,314.98
2006-07-17,590.23,593.05,386.37,557.78,488.55,329.22
2006-07-24,592.18,593.05,386.37,547.19,486.16,324.16
2006-07-31,591.97,592.36,386.37,550.03,488.59,326.9
2006-08-07,593.15,592.36,385.9,555.06,495.05,330.61
2006-08-14,593.9,592.58,385.9,556.38,494.93,329.44
2006-08-21,571.06,592.85,385.9,552.64,490.62,316.34
2006-08-28,544.29,592.68,385.9,558.06,480.29,313.89
2006-09-04,513.76,577.46,385.88,552.24,489.11,305.57
2006-09-11,495.45,568.33,385.36,540.91,479.76,293.25
2006-09-18,478.97,552.33,384.9,517.01,465.26,278.85
2006-09-25,462.27,527.57,384.75,502.21,455.42,261.88
2006-10-02,461.13,526.28,384.21,505.36,443.63,264.33
2006-10-09,452.69,514.8,382.54,501.78,438.9,260.42
2006-10-16,452.49,514.8,382.54,501.56,442.61,271.06
2006-10-23,452.49,514.8,382.54,499.86,440.95,266.29
2006-10-30,452.49,514.85,382.54,504.32,438.95,266.1
2006-11-06,452.69,514.68,382.54,490.43,432.85,263.78
2006-11-13,452.61,514.12,382.54,498.12,433.29,264.14
2006-11-20,451.65,512.13,382.54,498.06,432.11,260.56
2006-11-27,451.74,512.23,382.54,493.3,426.39,254.11
2006-12-04,452.02,512.23,382.54,504.96,433.97,256.01
2006-12-11,452.02,512.23,382.54,497.04,427.76,250.09
2006-12-18,452.02,512.23,382.54,498.47,424.81,253.29
2007-01-08,451.57,512.58,382.54,476.11,416.39,245.35
2007-01-15,442.41,499.03,382.54,468.17,416.17,244.39
2007-01-22,434.99,483.88,382.54,457.92,402.11,231.97
2007-01-29,434.52,483.77,382.54,469.15,419.18,240.2
2007-02-05,434.83,483.45,382.54,475.52,419.63,248.04
2007-02-12,436.66,485.4,382.54,477.52,425.33,259.58
2007-02-19,437.22,485.73,382.54,471.67,419.4,249.68
2007-02-26,454.05,498.86,382.54,480.78,426.91,257.74
2007-03-05,462.24,500.47,382.54,484.22,427.3,265.71
2007-03-12,470.39,508.1,382.54,486.99,430.3,266.71
2007-03-19,469.96,508.1,382.54,484.82,424.05,262.94
2007-03-26,469.69,507.71,382.54,485.98,425.23,270.31
2007-04-02,483,512.22,382.54,499.78,434.96,282.76
2007-04-16,499.51,523.39,401.09,510.34,447.19,287.09
2007-04-23,502.34,524.1,408.9,503.22,451.91,290.23
2007-04-30,514.02,524.59,392.55,503.92,445.19,298.69
2007-05-07,527.19,525.08,392.55,506.37,447.5,301.72
2007-05-14,530.03,524.83,391.31,505.82,446.64,296.42
2007-05-21,541.46,527.24,389.29,511.5,449.16,302.31
2007-05-28,554.94,533.44,388.04,514.69,450.96,313.31
2007-06-04,555.87,533.48,388.04,507.37,451.15,305.95
2007-06-11,557.84,535.98,388.04,516.66,454.32,311.62
2007-06-18,557.78,536.92,386.79,519.67,458.34,316.16
2007-06-25,561.77,540.63,386.79,523.86,464.1,318.71
2007-07-02,561.91,541.84,388.03,519.97,463.31,330.08
2007-07-09,562.96,542.49,388.03,526.62,476.53,335.98
2007-07-16,568.4,547.33,396.2,529.47,472.64,333.37
2007-07-23,566.58,547.27,396.2,530.93,473.77,341.23
2007-07-30,559.77,554.08,396.2,533.27,475.76,342.67
2007-08-06,546.78,562.2,396.16,534.69,476.61,339.46
2007-08-13,521.33,555.67,396.61,526.41,462.16,331.12
2007-08-20,520.29,553.19,396.16,522.4,467,335.65
2007-08-27,514.02,547.36,396.16,520.34,453.5,318.96
2007-09-03,517.64,550.12,396.16,527.11,456.73,324.59
2007-09-10,526.69,554.93,396.69,535.32,471.74,331.07
2007-09-17,525.58,567.49,396.69,545.33,473.51,334.94
2007-09-24,530.37,574.88,396.69,553.46,475.89,335.35
2007-10-01,531.08,579.63,396.69,549.48,466.01,330.72
2007-10-08,528.9,579.8,396.69,540.78,475.26,334.9
2007-10-15,529.19,579.8,397.96,549.51,482.89,345.77
2007-10-22,530.55,583.31,407.2,562.86,494.61,352.11
2007-10-29,535.24,588.53,411.36,571.66,503.07,360.99
2007-11-05,545.71,601.48,414.31,593.63,531.39,382.19
2007-11-12,566.35,626.51,419.23,613.25,531.69,398.45
2007-11-19,569.7,630.49,422.33,611.34,531.51,389.06
2007-11-26,572.57,651.34,429.81,624.7,546.13,401.45
2007-12-03,572.2,653.3,431.73,616.58,537.15,385.99
2007-12-10,570.99,652.03,432.14,601.87,531.96,379.86
2007-12-17,568.22,644.8,433,611,547.51,376.25
2007-12-31,568.63,644.46,433.97,611.37,543.22,402.96
2008-01-07,583.65,656.86,434.98,616.7,566.99,413.55
2008-01-14,579.28,649.68,434.98,616.22,537.51,397.14
2008-01-21,565.99,627.42,436.9,599.36,539.2,379.77
2008-01-28,562.46,622.71,445.11,597.81,535.13,370.75
2008-02-04,563.43,625.98,450.81,598.03,529.49,374.6
2008-02-11,562.96,625.99,450.81,601.06,545.42,369.52
2008-02-18,575.18,642.72,451.31,628.79,564.35,384.9
2008-02-25,590.21,667.87,451.31,639.21,576.76,388.31
2008-03-03,593.05,671.54,451.31,647.39,573.64,386.02
2008-03-10,593.29,681.23,451.31,669.23,582.46,386.98
2008-03-17,590.6,701.17,451.31,677.28,588.91,389.26
2008-03-31,588.77,699.61,452.13,662.97,588.47,375.84
2008-04-07,589.66,699.22,451.31,657.15,602.46,394.51
2008-04-14,603.16,715.51,448.84,681.15,617.8,403.87
2008-04-21,603.43,732.46,448.84,694.68,623.18,407.09
2008-04-28,616.04,741.42,448.84,708.32,623.28,409.51
2008-05-05,629,753.13,448.52,716.72,630.86,412.34
2008-05-12,651.9,781.71,449.12,768.29,665.07,434.72
2008-05-19,663.63,799.55,449.12,789.72,675.03,450.08
2008-05-26,683.58,821.59,450.76,813.28,687.85,453.76
2008-06-02,683,818.84,450.82,801.63,666.56,462.17
2008-06-09,688.32,825.21,451.02,797.51,674.73,466.56
2008-06-16,706.53,843.95,452.66,822.36,704.94,489.98
2008-06-23,706.86,844.21,451.02,811.8,700.03,490.48
2008-06-30,706.81,844.1,452.66,819.31,718.68,502.85
2008-07-07,709.58,847.06,453.86,835.86,747.32,538.05
2008-07-14,712.96,850.68,455.41,831.72,744.85,546.96
2008-07-21,706.1,842.82,455.41,815.06,727.68,529.97
2008-07-28,677.37,814.26,455.61,784.87,705.1,510.46
2008-08-04,658.87,795.63,449.05,767.16,709.41,496.44
2008-08-11,647,766.9,449.05,739.46,682.91,478.54
2008-08-18,643.12,759.13,449.05,730.12,690.69,482.84
2008-08-25,644.63,758.87,449.05,747.57,680.08,493.86
2008-09-01,647.78,756.98,449.71,740.93,683.85,495.42
2008-09-08,640.74,740.77,448.38,722.54,664.02,464.04
2008-09-15,639.77,723.45,448.38,717.82,647.65,448.72
2008-09-22,607.22,704.73,450.36,696.7,634.71,409.7
2008-09-29,613.82,712.64,450.65,712.58,653.53,441.65
2008-10-06,605.86,710.03,447.36,701.22,646.69,430.81
2008-10-13,562.26,658.47,445.95,656.09,604.7,396.63
2008-10-20,513.38,620.9,445.95,606.3,572.11,346.36
2008-10-27,491.44,603.92,444.46,604.52,578.41,360.57
2008-11-03,482.41,591.47,444.46,587.15,558.51,331.61
2008-11-10,454.76,585.27,441.63,582.42,549.61,310.29
2008-11-17,435.8,570.89,423.01,557.83,530.09,301.32
2008-11-24,397.76,534.19,419.26,532.54,519.83,290.42
2008-12-01,391.8,528.54,408.51,528.24,521.17,285.88
2008-12-08,375.84,504.52,396.77,499.17,504.01,270.39
2008-12-15,364.83,477.16,388.62,469.34,494.49,252.28
2008-12-22,354.48,454.88,381.83,449.88,478.3,236.7
2009-01-05,338.2,429.08,380.82,435.33,471.12,220.62
2009-01-12,363.39,453.82,379.65,456.42,486.29,251.41
2009-01-19,379.68,468.76,367.54,457.6,483.32,239.4
2009-01-26,383.03,461.17,362.06,446.33,477.68,249.08
2009-02-02,389.48,462.49,361.48,451.86,483.28,248.57
2009-02-09,387.73,465.27,367.03,445.13,482.97,248.7
2009-02-16,381.55,461.31,367.03,439.79,482.59,258.95
2009-02-23,388.74,438.03,367.03,422.71,504.05,254.21
2009-03-02,399.52,427.72,367.03,424.87,509.4,259.28
2009-03-09,403.23,425.45,367.03,413.3,448.76,249.41
2009-03-16,406.83,426.03,355.97,406.66,449.57,257.63
2009-03-23,406.4,432.42,346.21,420.38,478.95,250.62
2009-03-30,424.68,444.94,340.3,441.66,529.22,261.28
2009-04-06,415.89,437.25,339.35,439.31,492.85,260.22
2009-04-20,432.93,453.52,330.25,442.92,497.39,274.11
2009-04-27,433.98,456.33,328.92,430.2,491.79,271.56
2009-05-04,422.1,453.55,328.92,428,490.46,267.87
2009-05-11,460.48,469.58,322.67,438.74,509.91,294.29
2009-05-18,464.37,465.41,320.04,438.07,478.86,301.11
2009-05-25,488.55,460.36,320.76,432.96,480.91,301.22
2009-06-01,499.18,464.25,324.12,438.55,508.33,302.69
2009-06-08,505.48,485.44,331.76,464.73,519.91,327.72
2009-06-15,523.56,501.63,334.63,479.66,527.11,336.16
2009-06-22,532.72,508.74,335,494.48,537.99,336.61
2009-06-29,512.22,495.02,335.48,481.97,531.65,318.41
2009-07-06,502.19,490.48,326.69,471.51,527.2,327.3
2009-07-13,485.61,472.55,328.63,452.53,515,314.11
2009-07-20,478.74,464.43,329.22,458.68,524.15,331.44
2009-07-27,502.17,495.98,329.86,475.84,535.61,341.31
2009-08-03,502.69,497,329.86,483.8,539.81,339.31
2009-08-10,525.53,516.36,331.03,493.65,548.23,347.86
2009-08-17,522.58,513.36,330.68,491.42,545.84,354.88
2009-08-24,516.23,509.43,329.5,492.29,552.57,360.47
2009-08-31,512.73,507.71,329.5,487.06,544.88,361.71
2009-09-07,496.04,489.38,329.5,471.16,535.98,342.98
2009-09-14,494.37,487.83,329.5,471.59,534.38,340.49
2009-09-21,491.99,486.5,328.99,472.76,539.74,346.37
2009-09-28,470.17,473.4,328.99,460.57,523.68,331.57
2009-10-05,466.33,476.3,328.98,461.76,523.13,338.31
2009-10-12,478.65,482.46,328.99,466.86,531.91,337.23
2009-10-19,489.72,499.07,328.99,488.9,540.71,344.02
2009-10-26,508.12,515.81,328.99,504,556.22,366.02
2009-11-02,515.07,522.47,327.79,512.34,558.61,375.11
2009-11-09,513.57,518.22,347.81,508.21,559.12,368.72
2009-11-16,504.84,507.53,359.8,499.27,552.85,366.28
2009-11-23,509.98,514.19,364.56,499.93,557.08,368.69
2009-11-30,503.74,508.25,368.88,495.22,552.45,364.26
2009-12-07,503.56,508.72,369.41,496.18,553.87,363.8
2009-12-14,494.59,501.07,371.46,491.02,543.61,355.58
2009-12-21,489.32,504.78,377.86,503.63,554.19,360.59
2009-12-28,496.03,507.81,378.21,509.15,557.99,370.63
2010-01-04,514.31,523.22,381.46,520.35,564.79,374.89
2010-01-11,528.3,537.81,385.55,544.79,585.17,396.76
2010-01-18,532.62,541.6,393.26,533.84,572.96,380.56
2010-01-25,530.86,532.96,394.9,530.12,569.82,378.08
2010-02-01,529.83,523.7,396.16,520.28,567.41,379.01
2010-02-08,536.68,529.45,405.6,525.16,567.13,376.8
2010-02-15,525.15,523.03,413.22,521.27,573.76,378.19
2010-02-22,528.58,539.57,421.21,535.23,588.29,385.53
2010-03-01,546.98,561.06,421.28,540.87,581.61,373.32
2010-03-08,563.03,561.84,421.3,550.89,584.76,386.69
2010-03-15,571.96,568.28,421.31,557.92,587.25,388.21
2010-03-22,583.08,577.7,421.79,562.67,593,395.57
2010-03-29,583.91,578.57,426.5,566.52,600.58,406.75
2010-04-12,596.52,593.62,426.86,586.71,612.85,419.36
2010-04-19,596.1,596.34,423.84,591.47,617.74,424.77
2010-04-26,594.06,602.33,424.02,597.53,617.53,424.59
2010-05-03,606.53,616.68,424.04,607.26,621.39,430.36
2010-05-10,602.37,615.11,424.21,600.09,617.4,429.39
2010-05-17,598.16,619.53,425.12,597.41,619.95,429.4
2010-05-24,579.83,599.6,425.12,572.72,593.85,404.36
2010-05-31,568.78,590.42,425.16,586.21,601.7,409.27
2010-06-07,579.48,601.94,425.06,589.91,604.36,414.61
2010-06-14,582.82,609.99,427.89,605.23,613.21,422.56
2010-06-21,595.66,620.09,424.73,609.7,614.44,417.73
2010-06-28,599.08,616.93,424.73,600.4,604.96,414.73
2010-07-05,584.04,593.32,424.73,579.19,596.99,404.98
2010-07-12,579.64,587.08,424.8,578.42,598.17,415.03
2010-07-19,573.97,583.13,421.08,571.8,601.57,419.82
2010-07-26,565.53,578.34,420.76,577.28,606.03,423.21
2010-08-02,571.67,585.73,420.42,574.04,602.38,418.34
2010-08-09,574.98,588.83,419.83,580.99,603,424.77
2010-08-16,574.28,587.55,419.81,586.4,624.01,416.26
2010-08-23,569.07,586.13,419.81,571.86,598.48,415.02
2010-08-30,561.3,583.27,419.34,575.31,590.85,415.17
2010-09-06,560.93,584.44,421.05,570.05,588.24,400.45
2010-09-13,568.61,595.71,420.72,583.6,597.13,417.62
2010-09-20,573.28,600.16,421.31,584.07,590.37,407.92
2010-09-27,559.3,590.25,419.88,567.59,583.2,395.88
2010-10-04,556.05,586.72,420.37,581.87,587.77,391.47
2010-10-11,564.73,596.77,428.16,583.23,572.62,405.45
2010-10-18,568.36,601.29,425.56,586.33,587.66,408.42
2010-10-25,562.31,596.75,425.47,577.98,584.47,393.97
2010-11-01,563.42,600.03,425.98,578.78,587.66,405.94
2010-11-08,572.65,605.28,435.15,583.32,591.53,410.65
2010-11-15,587.22,623.59,442.21,603.21,603.85,423.56
2010-11-22,583.59,617.73,444.9,594.12,593.28,403.13
2010-11-29,590.1,627.34,453.08,600.77,600.33,421.85
2010-12-06,612.73,648.34,475.21,628.86,609.76,441.69
2010-12-13,618.77,656.36,488.05,639.62,605.11,430.49
2010-12-20,617.43,654.08,491.85,639.67,610.43,440.77
2011-01-03,633.92,670.43,499.4,643.49,627.59,438.5
2011-01-10,639.91,675.56,502.32,650.18,642.21,446.65
2011-01-17,657.33,693.96,528.83,668.15,632.96,459.36
2011-01-24,661.43,701.54,532.91,666.35,634.17,442.44
2011-01-31,657.52,698.57,534.12,661.72,633.01,445.41
2011-02-07,657.65,699.38,534.2,673.16,646.96,465.25
2011-02-14,657.71,700.07,533.63,680.93,657.83,471.64
2011-02-21,664.88,708.69,533.23,695.85,664.34,484.66
2011-02-28,692.64,737.08,533.42,720,693.11,524.62
2011-03-07,706.73,757.56,536.26,738.1,700.46,525.55
2011-03-14,712.23,762.51,537.16,737.8,706.79,543.65
2011-03-21,708.63,764.72,534.25,740.86,705.99,542.49
2011-03-28,703.8,767.48,533.75,739.15,709.57,549.02
2011-04-04,705.17,767.98,533.7,740.36,712.22,549.25
2011-04-11,720.26,783.55,533.77,752.12,725.62,571.82
2011-04-18,724.37,786.17,532.11,745.09,723.65,567.41
2011-04-25,721.48,783.2,531.65,745.13,715,545.6
2011-05-02,722.43,783.71,531.62,742.1,708.18,536.47
2011-05-16,721.04,743.83,521.8,703.86,684.91,514.51
2011-05-23,710.63,738.92,519.89,702.1,682.48,519.43
2011-05-30,709.8,738.85,519.72,713.53,689.42,530.77
2011-06-06,708.12,737.86,507.64,710.12,688.93,529.31
2011-06-13,704.19,739.57,499.65,716.46,697.13,550.32
2011-06-20,703.17,746.11,499.61,713.44,698.91,544.65
2011-06-27,684.4,723.71,494.25,692.67,682.78,525.09
2011-07-04,683.16,718.32,491.83,703.02,690.21,543.92
2011-07-18,711.63,748.28,484.39,733.59,707.87,567.26
2011-07-25,712,748.89,483.58,743.26,709.6,565.32
2011-08-01,718.07,756.12,481.7,742.39,707.92,561.24
2011-08-08,714.08,751.07,481.75,729.06,693.89,538.05
2011-08-22,694.17,730.02,480.46,712.52,680.87,519.8
2011-08-29,693.39,729.16,478.9,721.35,692.21,526.17
2011-09-05,699.63,735.53,482.95,731.08,701.07,542.84
2011-09-12,712.17,748.47,483.01,740.08,710.7,555.17
2011-09-19,713.62,753.26,484.19,738.13,713.51,559.67
2011-09-26,712.44,755.73,479.59,734.69,703.82,540.22
2011-10-03,704.25,753.01,479.52,728.44,700.56,537.74
2011-10-10,697.49,750.62,478.75,729.31,702.01,544.4
2011-10-17,700.07,751.94,477.91,736.18,708.19,555.85
2011-10-24,706.72,760.06,476.3,742.94,709.36,550.32
2011-10-31,699.96,758.67,475.33,745.94,711.66,551.13
2011-11-07,693.71,759.69,474.89,749.87,709.19,562.21
2011-11-14,695.85,771.94,474.97,769.38,725.98,584.3
2011-11-21,689.94,779.26,471.33,771.39,735.38,569.8
2011-11-28,681.19,782.78,474.23,774.53,721.68,553.78
2011-12-05,679.8,779.99,473.96,751.71,713.42,564.29
2011-12-12,678.22,777.3,464.52,761.21,717.94,568.17
2011-12-19,678.86,773.73,464.62,758.26,715.46,564.32
2011-12-26,680.73,772.96,465.14,757.57,728.84,591.37
2012-01-02,689.4,773.01,471.24,759.97,733.98,594.73
2012-01-09,695.82,782.02,474.82,790.05,763.04,624.48
2012-01-16,708.49,796.48,478.7,800.78,771.13,634.79
2012-01-23,711.32,801.01,479.09,786.48,758.61,614.95
2012-01-30,715.32,799.51,479.41,781.19,756.03,612.29
2012-02-06,722.91,797.33,495.16,784.41,759.58,613.35
2012-02-13,730.96,804.44,514.51,801.96,776.61,640.74
2012-02-20,744.14,813.49,524.9,817.46,783.88,646.45
2012-02-27,755.07,822.46,525.32,822,784.21,645.94
2012-03-05,759.62,825.13,553.47,813.05,784.44,659.96
2012-03-19,798.52,837.01,585.43,837.62,798.15,671.59
2012-03-26,807.5,841.28,590.65,833.23,789.75,656.96
2012-04-02,818.68,843.32,593.28,825.48,789.21,661.76
2012-04-09,825.44,842.4,593.45,824.52,794.14,659.61
2012-04-16,829.9,840.77,584.1,823.81,795.16,664.09
2012-04-23,827.88,837.23,579.59,824.39,783.31,641.89
2012-04-30,826.31,834.35,575.14,823.81,784.44,641.86
2012-05-07,809.04,830.33,563.92,808.67,777.64,639.72
2012-05-14,772.48,807.31,543.34,800.65,761.6,617.8
2012-05-21,764.77,799.11,531.93,794.94,747.64,611.38
2012-05-28,762.84,794.57,528.51,792.87,743.52,609.43
2012-06-04,765.46,793.76,528.23,779.72,734.73,589.38
2012-06-11,737.1,762.45,517.79,762.29,724.71,572.88
2012-06-18,726.49,749.66,500.21,754.91,716.11,567.75
2012-06-25,705.99,727.92,478.86,743.24,700.59,540.88
2012-07-02,697.19,720.29,470.71,745.6,706.23,555.26
2012-07-09,716.49,737.78,468.23,770.05,737.37,582.8
2012-07-16,728.35,749.4,464.76,778.36,723.05,593.96
2012-07-23,745.11,777.67,460.28,804.55,745.97,624.5
2012-07-30,746.44,781.69,459.14,799,739.07,616.46
2012-08-06,751.76,782.89,476.07,797.16,730.57,613.46
2012-08-13,769.2,796.87,495.21,811.96,744.8,637.15
2012-08-20,798.39,820.86,500.75,825.95,753.23,653.19
2012-08-27,817.16,836.52,505.09,836.15,768.7,641.92
2012-09-03,817.56,837.1,506.4,834.39,773.51,646.21
2012-09-10,833.43,851.86,527.93,834.77,784.16,650.57
2012-09-17,823.37,848.01,543.14,830.58,776.88,645.54
2012-09-24,797,826.74,545.22,810.04,753.81,601.78
2012-10-01,796.54,826.13,548.45,811.77,757.37,604.88
2012-10-08,789.6,824.48,555.82,811.54,746.69,586.88
2012-10-15,796.74,828.86,559.58,827.86,744.3,596.76
2012-10-22,779.67,826.58,560.1,817.54,730.62,578.88
2012-10-29,755.39,813.83,560.15,803.64,739.4,577.52
2012-11-05,728.91,800.58,564.03,795.24,731.78,571.27
2012-11-12,715.05,791.59,579.56,783.59,727.93,564.98
2012-11-19,717.63,793.77,581.25,791.09,729.53,569.79
2012-11-26,721.69,797.69,581.4,793.43,728.22,559.07
2012-12-03,718.05,794.1,581.84,794.38,722.12,547.58
2012-12-10,711.75,786.85,578.43,778.19,711.06,539.8
2012-12-17,714.1,785.39,579.9,778.15,715.91,547.25
2013-01-14,725.5,787.8,574.14,795.13,737.41,585.43
2013-01-21,711.46,773.62,567.61,781.86,731.83,564.55
2013-01-28,719.04,780.12,563.59,791.73,731.32,578.42
2013-02-04,729.91,782.94,561.82,789.51,727,573.06
2013-02-11,741.29,784.96,560.07,803.72,744.78,597.21
2013-02-18,755.91,791.7,560.11,811.16,751.85,605
2013-02-25,767.81,796.62,559.39,803.82,740.35,580.44
2013-03-04,767.24,792.53,554.81,786.21,729.4,568.49
2013-03-11,762.36,786.35,548.44,783.27,730.41,569.12
2013-03-18,749.47,776.8,542.94,777.62,723.69,559.02
2013-03-25,743,770.24,543.66,770.63,718.97,556.06
2013-04-08,735.27,760.53,532.78,768.36,704.89,548.24
2013-04-15,720.43,745.22,511.4,753.92,711.67,534.66
2013-04-22,695.44,722.77,510.13,739.47,710.21,516.84
2013-04-29,685.77,711.6,510.04,747.15,698.61,530.95
2013-05-06,687.38,711.92,498.78,710.04,663.13,511.07
2013-05-13,684.69,709.2,485.12,738.62,700.8,547.06
2013-05-20,690.72,717.34,485.39,744.73,713.6,543.92
2013-05-27,703.81,728.1,484.49,732.72,700.51,533.98
2013-06-03,706.71,730.73,476.92,730.69,694.38,531.04
2013-06-10,705.86,727,474.52,723.24,698.36,538.12
2013-06-17,702.31,723.11,473.56,725.61,691.72,532.39
2013-06-24,703.13,725.9,473.71,717.96,683.1,527.94
2013-07-01,705.51,726.22,474.74,745.43,698.64,529.27
2013-07-08,710.19,731.29,484.37,753.86,702.19,534.48
2013-07-15,727.91,748.48,493.04,755.67,701.91,538.5
2013-07-22,735.58,755.53,497.91,764.8,698.89,534.04
2013-07-29,735.48,755.1,494.62,753.59,694.31,531.86
2013-08-05,734.25,754.24,502.04,761.86,695.44,533.35
2013-08-12,733.41,753.1,505.77,748.59,714.84,511.19
2013-08-19,727.81,748.68,506.28,762.94,703.55,540.49
2013-08-26,733.57,754.47,506.35,758.72,706.11,539.33
2013-09-02,744.02,762.56,507.47,780.86,725.29,545.54
2013-09-09,747.66,771.64,516.11,781.59,718.31,549.1
2013-09-16,739.26,772.44,515.58,780.31,715.48,543.71
2013-09-23,721.06,768.97,509.78,761.51,705.12,533
2013-09-30,704.32,756.47,507.42,749.04,701.91,528.67
2013-10-07,692.53,745.77,501.39,749.07,697.59,520.96
2013-10-14,688.54,743.34,498.56,765.32,720.25,524.35
2013-10-21,686.9,741.92,497.84,751.35,711.07,516.05
2013-10-28,679.17,735.28,493.38,741.61,677.45,500.68
2013-11-04,665.63,721.86,491.26,749.91,708.21,507.58
2013-11-11,665.37,721.44,493.74,728.99,683.52,511.65
2013-11-18,666.47,723.08,493.93,751.83,714.54,518.84
2013-11-25,676.62,732.13,497.98,758.2,716.82,525.31
2013-12-02,686.28,740.64,500.9,765.92,728.07,531.18
2013-12-09,688.34,741.3,545.94,769.27,730.51,536.5
2013-12-16,688.12,739.95,567.01,757.15,710.93,520.98
2014-01-06,689.04,740.51,580.87,750.21,704.92,505.96
2014-01-13,683.6,734.8,572.8,739.56,713.24,512.77
2014-01-20,680.08,728.45,560.55,742.46,711.1,518.66
2014-01-27,677.64,726.44,552.37,751.87,712.81,521.54
2014-02-03,676.31,726.3,544.21,756.12,723.54,540.58
2014-02-10,674.14,723.93,525.89,752.78,724.51,546.29
2014-02-17,677.06,725.21,518.61,755.98,725.36,547.74
2014-02-24,679.69,724.34,512.91,760.22,729.44,553.63
2014-03-03,677.29,721.04,509.59,754.4,731.2,548.91
2014-03-10,676.66,720.66,499.85,746.49,725.6,548.86
2014-03-17,673.15,714.09,487.9,740.51,717.97,538.73
2014-03-24,666.37,704.78,485.45,743.96,720.77,546.33
2014-03-31,674.48,710.36,481.75,738.77,716.86,550.06
2014-04-07,681.37,714.16,482.16,731.8,719,545.86
2014-04-14,683.63,715.13,483.09,733.84,715.07,535.51
2014-04-28,693.41,718.81,483.47,742.69,707.29,526.31
2014-05-05,694.58,719.55,483.16,735.28,709.56,527.35
2014-05-12,692.43,716.24,475.61,733.07,703.98,524.84
2014-05-19,691.22,714.04,472.07,743.99,711.74,544.16
2014-05-26,694.93,715.76,471.58,751.19,733.21,557.01
2014-06-02,694.83,717.19,474.71,735.64,717.2,552.85
2014-06-09,695.65,715.44,478.36,732.77,725.97,548.88
2014-06-16,696.61,715.76,482.84,744.77,732.12,558.24
2014-06-23,706.36,722.39,482.59,756.99,730.21,550.88
2014-06-30,711.28,726.61,484.42,755.24,728.1,548.34
2014-07-07,713.79,727.23,483.62,746.56,724,537.79
2014-07-14,714.46,722.62,485.07,738.7,718.58,530.79
2014-07-21,710.82,713.43,484.8,738.06,707.81,522.2
2014-07-28,710.14,710.3,482.9,741.93,708.54,521.5
2014-08-04,707.93,710.59,483.13,745.54,709.02,521.64
2014-08-11,704.79,710.42,482.58,743.4,706.21,511.18
2014-08-18,702.58,709.43,481.92,738.13,704.42,505.67
2014-08-25,696.38,706.61,482.07,738.22,704.19,512.94
2014-09-01,694.86,706.01,482.07,740.4,709.16,520.48
2014-09-08,692.91,705.24,475.23,744.71,713.21,528.25
2014-09-15,691.25,704.2,472.57,736.49,706.16,517.31
2014-09-22,687.27,701.51,472.34,732.35,703.05,513.29
2014-09-29,682.45,697.45,469.8,731.4,705.55,519.72
2014-10-06,681.2,696.63,470.45,717.4,694.64,501.09
2014-10-13,677.11,690.71,465.82,712.25,679.33,476.69
2014-10-20,660.98,677.08,466.8,691.98,657,439.63
2014-10-27,647.05,667.19,466.79,694.13,663.6,452.1
2014-11-03,634.71,661.09,461.91,697.24,663.51,453.36
2014-11-10,627.65,655.82,448.48,693.98,657.61,432.13
2014-11-17,619.9,651.55,438.39,686.56,645.25,422.59
2014-11-24,609.13,643.45,435.13,681.18,637.96,411.4
2014-12-01,600.14,635.61,435.2,662.49,621.21,385.82
2014-12-08,577.07,614.52,417.96,652.45,616.26,381.24
2014-12-15,552.69,587.3,405.26,615.6,605.66,354.58
2015-01-05,505.82,551.19,384.22,590.59,574.52,316.2
2015-01-12,478.83,520.18,368.26,554.6,542,296.82
2015-01-19,458.72,497.33,357.75,536.14,540.41,291.84
2015-01-26,449.5,487.51,356.74,549.99,545.4,299.61
2015-02-02,456.61,494.23,361.36,546.53,560.9,307.38
2015-02-09,482.47,520.11,361.07,581.2,578.24,349.71
2015-02-16,512.33,549.8,360.76,581.63,557.61,358.25
2015-02-23,528.71,568.3,360.31,598.89,587.24,353.08
2015-03-02,539.47,579.54,362.29,606.72,587.56,366.03
2015-03-09,552.2,586.18,377.43,611.03,601.29,374.24
2015-03-16,563.06,585.46,382.62,607.45,569.13,359.07
2015-03-23,565.17,576.43,390.16,595.88,584.01,356.51
2015-03-30,565.07,571.84,394.66,597.99,589.72,366.48
2015-04-13,562.31,564.43,392.57,590.34,558.21,361.37
2015-04-20,570.55,572.94,382.57,614.28,595.19,386.45
2015-04-27,584.53,585.75,382.82,632.52,603.86,398.2
2015-05-04,591.78,592.24,381.16,634.72,597.01,394.66
2015-05-11,596.77,597.22,378.98,639.03,593.87,389.54
2015-05-18,596.29,598.13,377.21,646.54,593.19,387.2
2015-05-25,594.74,597.49,376.51,649.28,593.24,385.45
2015-06-01,596.32,599.49,375.95,638.72,587.07,378.4
2015-06-08,598.66,597.49,367.2,624.56,571.64,367.38
2015-06-15,602.1,590.92,355.5,627.22,577.56,380.81
2015-06-22,608.92,590.17,352.11,630.58,594.33,372.98
2015-06-29,605.9,582.26,347.88,625.73,597.05,372.24
2015-07-06,603.73,579.58,346.89,623.43,598.91,368.16
2015-07-13,606.07,573.9,346.39,610.13,586.94,351.27
2015-07-20,607.47,569.49,346.57,599.6,587.63,354.25
2015-07-27,596.55,557.12,345.65,589.49,581.02,340.82
2015-08-03,577.01,544.26,345.12,573.04,561.44,330.76
2015-08-10,561.92,531.92,342.16,563.41,557.35,312.35
2015-08-17,553.02,526.58,342.64,566.76,620.79,297.5
2015-08-24,536.28,514.99,342.26,541.04,536.19,282.72
2015-08-31,506.1,490.04,338.77,522.5,522.76,262.21
2015-09-07,499.6,495.06,335.03,554.49,544.71,295.98
2015-09-14,503.14,505.25,330.76,551.7,527.48,274.98
2015-09-21,491.06,496.53,329.8,541.22,531.91,270.66
2015-09-28,483.26,491,328.83,538.57,520.41,265.03
2015-10-05,478.99,488.47,328.5,540.93,530.41,271.28
2015-10-12,485.12,492.12,330.32,546.76,530.92,290.64
2015-10-19,481.77,489.2,330.64,521.07,526.44,274.62
2015-10-26,469.4,480.13,330.74,516.87,518.61,279.07
2015-11-02,464.88,479.57,330.21,531.36,520.69,291.49
2015-11-09,470.49,485.59,332.15,529.09,520.87,287.2
2015-11-16,468.97,484.55,332.01,523.72,512.81,271.37
2015-11-23,460.4,476.32,332.04,517.91,503.66,266.82
2015-11-30,466.28,479.74,332.32,521.44,505.91,271.19
2015-12-07,468.45,475.3,338.53,506.05,481.91,259.62
2015-12-14,461.04,457.85,346.33,482.32,494.98,236.22
2015-12-21,451.26,430.41,347.53,450.93,489.9,224.12
2016-01-04,443.79,412.17,348.06,454.61,487.66,217.17
2016-01-11,440.99,404.99,340.84,453.27,483.91,214.32
2016-01-18,426.83,384.17,332.41,428.93,470.3,186.75
2016-01-25,412.66,362.94,329.66,416.76,466.03,185.35
2016-02-01,408.86,354.85,326.51,433.81,476.11,212.25
2016-02-08,412.9,364.17,315.05,437.57,472.36,201.71
2016-02-15,397.42,360.45,299.44,421.86,456.21,189.91
2016-02-22,387.84,359.67,296.85,436.78,462.91,203.66
2016-02-29,387.35,365.73,295.33,432.14,460.3,199.06
2016-03-07,395.08,372.17,296.69,446.8,460.61,206.75
2016-03-14,412.18,390.56,297.22,464.52,467.14,228.11
2016-03-21,424.63,401.65,296.92,467.33,465.48,221.4
2016-04-04,430.09,401.78,297.75,453.73,470.25,220.35
2016-04-11,428.35,387.21,300.66,442.05,439.63,210.67
2016-04-18,440.62,393.63,303.89,467.26,453.07,232.74
2016-04-25,450.9,404.85,303.29,488.42,482.16,238.52
2016-05-02,457.63,419.59,303,490.99,486.22,250.95
2016-05-16,456.47,422.34,305.57,496.89,492.24,257.17
2016-05-23,471.12,439.53,306.17,518.9,501.71,261.13
2016-05-30,482.02,456.25,307.01,523.85,509.61,276.31
2016-06-06,488.36,465.3,309.28,522.2,508.87,278.48
2016-06-13,484.69,463.99,311.87,532.62,524.11,299.58
2016-06-20,479.76,462.73,314,522.58,516.19,288.77
2016-06-27,477.32,460.57,313.24,514.87,523.55,296.57
2016-07-04,475.09,457.99,314.39,510.47,518.8,305.02
2016-07-18,459.07,451.28,314.47,501.41,492.22,286.37
2016-07-25,455.58,447.74,313.17,492.72,510.16,286.84
2016-08-01,445.77,439.49,312.79,484.83,510.5,266.23
2016-08-08,437.61,433.53,313.49,472.82,507.26,269.05
2016-08-15,440.88,433.83,313.14,486.9,512.55,277.49
2016-08-22,453.03,440.56,311.84,518.69,522.86,301.08
2016-08-29,464.03,453.77,311.26,509.93,521.86,304.74
2016-09-05,465.67,452.13,311.62,502.49,519.23,290.87
2016-09-12,461.76,447.44,313.93,512.86,530.39,308.87
2016-09-19,461.7,446.12,314.21,511.74,527.25,291.69
2016-09-26,461.68,445.56,313.27,511.96,527.99,300.48
2016-10-03,465.35,450.16,313.73,525.59,533.72,303.45
2016-10-10,477.53,463.24,317.16,539.84,546.7,330.81
2016-10-17,487.07,472.93,317.44,546.47,547.15,326.9
2016-10-24,490.62,477.26,317.92,543.88,549.52,336.26
2016-10-31,496.86,481.39,318.43,544.32,548.77,331.5
2016-11-07,490.53,480.34,327.32,518.65,534.84,299.29
2016-11-14,479.71,467.42,332.16,516.75,531.02,303.22
2016-11-21,467.02,457.29,325.81,522.36,497.04,315.75
2016-11-28,474.99,465.28,328.59,534.31,507.93,332.64
2016-12-05,483.57,474.95,331.8,552.99,531.96,352
2016-12-12,500.57,489.2,332.35,557.91,510.45,349.11
2016-12-19,508.39,504.78,332.6,571.39,542.01,371.58
2017-01-02,530.22,523.5,333.32,587.09,543.05,386.31
2017-01-09,542.12,534.16,344.53,587.67,566.61,399.8
2017-01-16,540.03,530.24,351.8,586.68,565.62,387.68
2017-01-23,537.79,527.95,354.47,572.69,540.93,375.66
2017-01-30,536.96,526.42,355.61,587.14,544.4,380.77
2017-02-06,538.81,528.17,363.62,587.45,559.79,376.44
2017-02-13,541.72,530.12,373.21,589.63,556.93,374.13
2017-02-20,546.3,532.35,377.54,587.12,555.32,366.85
2017-02-27,546.39,532.6,378.8,594.64,561.92,372.09
2017-03-06,546.35,533.08,376.72,587.41,556.74,367.17
2017-03-13,541.19,531.78,377.41,573.31,544.93,353.67
2017-03-20,533.08,524.87,377.23,561.72,538.97,343.95
2017-03-27,527.44,519.74,377.07,552.83,533.85,335.6
2017-04-03,523.3,516.21,374.96,560.66,534.98,353.23
2017-04-10,532.33,524.08,368.06,568.01,541.8,369.53
2017-04-24,549.7,538.74,365.45,562.45,540.65,353.55
2017-05-01,546.87,534.67,365.52,536.57,524.76,344.57
2017-05-08,533.62,523.34,363,535.09,526.54,338.58
2017-05-15,525.08,512.76,359.11,541.09,539.04,347.98
2017-05-22,521.76,510.47,358.12,544.72,540.47,350.15
2017-05-29,520.64,510.36,357.89,546.35,539.21,351.01
2017-06-05,516.99,506.12,356.98,533.6,521.25,340.18
2017-06-12,510.89,498.38,357.66,498.33,482.92,332.23
2017-06-19,503.51,491.54,359.3,504.46,520.67,319.92
2017-06-26,493.12,482.3,358.03,507.09,508.22,315.1
2017-07-03,492.08,478.77,359.43,509.86,519.85,321.4
2017-07-10,493.47,479.67,356.56,514.95,499.3,316.34
2017-07-17,490.72,476.63,355.09,513.43,507.6,315.68
2017-07-24,492.77,478.39,354.39,520.26,519.8,324.33
2017-07-31,496.35,482.15,354.74,524.91,520.36,326.99
2017-08-07,498.8,490.68,356.65,522.75,518.84,321.94
2017-08-14,499.89,492.23,359.36,518.68,520.21,323.08
2017-08-21,500.58,493.24,363.07,516.66,515.19,317.01
2017-08-28,500.53,492.35,363.01,519.22,518.05,321.35
2017-09-04,508.21,496.14,363.87,531.9,525.43,325.38
2017-09-11,520.3,504.62,374.17,538.55,527.63,328.25
2017-09-18,521.57,510.04,379.9,545.04,532.22,335.1
2017-09-25,518.76,508.21,380.6,552.39,534.36,339.18
2017-10-02,521.99,516.08,381.53,553.31,510.12,348.32
2017-10-09,522.23,517.66,386.03,552.43,529.79,350.14
2017-10-16,520.9,516.03,388.48,545.97,529.21,347.68
2017-10-23,520.6,520.68,395.18,545.44,499.48,347.87
2017-10-30,520.98,522.24,397.88,559.1,500.81,351.14
2017-11-06,528.08,531.58,398,565.72,509.52,369.12
2017-11-13,537.28,541.3,398.12,583.22,528.71,386.99
2017-11-20,540.29,544.33,398.7,581.91,521.92,369.94
2017-11-27,538.52,542.34,398.77,584.63,523.39,369.5
2017-12-04,538.68,543.03,399.56,583.93,521.64,368.35
2017-12-11,536.82,541.05,403.25,583.13,517.36,357.15
2017-12-18,541.53,546.82,407.17,587.82,511.59,365.13
2018-01-01,545.81,551.93,408.46,596.72,574.81,376.02
2018-01-08,551.53,559.39,408.14,605.7,579.83,389.91
2018-01-15,555.71,563.94,408.11,615.27,590.34,389.71
2018-01-22,559.61,568.27,408.04,609.8,584.08,382.35
2018-01-29,560.8,569.3,408.23,612.86,583.1,380.68
2018-02-05,561.29,569.15,402.7,601.37,576.2,376.16
2018-02-12,558.41,565.62,395.75,585.05,563.7,359.15
2018-02-19,544.94,550.19,390.87,568.83,560.61,352.8
2018-02-26,539.4,545.45,391.89,581.28,564.44,362.16
2018-03-05,541.17,550.35,391.46,581.79,564.53,351.33
2018-03-19,537.34,546.03,387.81,582.46,567.78,354.58
2018-03-26,539.7,548.85,384.88,594.63,574.83,358.71
2018-04-02,545.42,554.71,382.27,599.46,573.8,359.05
2018-04-09,547.22,556.79,382.07,605.76,577.72,368.93
2018-04-16,552.73,562.35,381.4,616.42,587.81,378.3
2018-04-23,561.21,571.3,382.19,624.22,595.18,385.24
2018-04-30,570.92,581.7,381.76,632.72,597.79,392.05
2018-05-07,577.01,587.73,381.39,631.98,605.43,397.42
2018-05-14,587.99,598.54,385.07,648.79,625.12,422.02
2018-05-21,602.12,613.35,392.56,663.53,642.42,443.97
2018-05-28,617.86,629.5,390.81,664.96,641.68,440.71
2018-06-04,622.96,635.64,392,662.89,641.1,440.17
2018-06-11,622.48,635.18,396.53,657.02,637.27,438.9
2018-06-18,620.18,632.4,402.48,655.39,633.76,431.94
2018-06-25,613.17,625.45,407.02,647.42,632.03,427.59
2018-07-02,609.5,621.58,406.69,654.66,635.51,437.52
2018-07-09,609.85,621.85,406.35,654.95,635.13,439.55
2018-07-16,609.63,621.08,406.22,646.98,631.82,434.62
2018-07-23,607.09,617.94,406.19,644.13,631.83,434.35
2018-07-30,605.78,616.49,405.96,650.77,636.85,440.51
2018-08-06,606.65,617.19,406.37,648.19,632.41,432.39
2018-08-13,607.09,616.92,408.03,648.26,631.61,429.13
2018-08-20,605.91,616.3,408.87,653.13,631.61,425.64
2018-08-27,606.83,617.73,409.85,658.59,638.58,435.08
2018-09-03,610.67,622.91,410.07,665.03,642.16,439.98
2018-09-10,617.95,632.17,420.59,663.65,640.73,431.76
2018-09-17,618.07,632.94,421.19,667.06,640.72,435.33
2018-09-24,617.34,632.53,418.76,666.36,640.88,438.64
2018-10-01,619.3,635.39,419.44,681.45,652.23,457.24
2018-10-08,630.27,651.77,429.87,697.99,679.91,493.56
2018-10-15,636.4,665.81,435.15,695.25,669.2,469.89
2018-10-22,633.25,667.14,435.88,695.22,666.86,468.42
2018-10-29,628.73,665.64,436.6,685.95,659.07,474.92
2018-11-05,623.45,663.12,436.1,675.78,652.44,461.61
2018-11-12,613.29,656.68,430.77,673.4,647.17,452.78
2018-11-19,598.95,648.01,428.48,661.22,637.21,435.39
2018-11-26,579.54,633.87,426.53,641.98,623.85,398.29
2018-12-03,554.63,613.32,424.03,621.51,617.12,389.81
2018-12-10,528.57,591.35,405.04,618.69,614.42,385.65
2018-12-17,517.8,580.11,397.9,618.63,606.77,385.43
2019-01-07,489.63,553.81,392.65,633.01,637.2,398.94
2019-01-14,486.8,551.46,391.8,637.27,636.19,411.72
2019-01-21,494.21,559.88,391.22,647.67,649.87,417.17
2019-01-28,496.6,563.49,390.53,653.1,652.6,422.39
2019-02-04,500.6,567.53,389.8,645.15,604.98,430.17
2019-02-11,507.86,572.5,392.03,648.52,621.24,434.17
2019-02-18,515.67,580.9,392.54,661.31,624.61,449.94
2019-02-25,529.53,595.59,391.79,667.59,624.89,457.49
2019-03-04,535.8,601.35,391.89,667.05,626.43,452.61
2019-03-11,541.04,606.51,390,670.62,631.07,455.86
2019-03-18,545.4,609.14,389.89,671.18,616.07,464.05
2019-03-25,552.6,609.8,390.46,668.38,614.52,458.83
2019-04-01,561.4,610.23,390.76,669.6,614.34,459.39
2019-04-08,573.73,611.42,388.73,675.93,616.8,465.17
2019-04-15,586.88,616.62,388.17,681.84,618.89,464.94
2019-04-22,595.56,621.53,388.58,685.14,618.71,463.61
2019-04-29,604.28,628.26,390.46,693.07,628.43,479.61
2019-05-06,605.87,627.74,381.43,691.27,623.98,472.83
2019-05-13,604.24,627.13,387.42,687.57,620.43,463.61
2019-05-20,602.89,626.66,386.87,698.02,628.25,470.5
2019-05-27,608.6,632.3,387.48,682.09,613.71,463.83
2019-06-03,601.03,623.88,387.07,673.11,609.71,466.83
2019-06-10,587.95,609.99,377.53,644.88,582.25,453.86
2019-06-17,579.62,601.26,375.23,642.52,593.16,434.74
2019-06-24,574.89,596.28,373.86,647.91,599.43,446.99
2019-07-01,573.86,594.77,373.35,651.91,608.8,466.11
2019-07-08,575.22,596.45,364.45,655.69,606.34,465.11
2019-07-15,580.41,599.38,361.35,670.65,618.98,481.99
2019-07-22,583.02,601.46,361.01,662.92,603.07,453.61
2019-07-29,576.53,594.31,359.61,665.47,608.07,455.05
2019-08-05,576.8,594.72,355.91,666.09,608.98,453.28
2019-08-12,566.62,585,349.66,654.26,595.43,427.17
2019-08-19,559.96,578.34,352.52,654.22,594.16,424.17
2019-08-26,557.39,576.73,350.43,657.82,593.07,434.72
2019-09-02,555.26,575.22,349.52,653.49,582.71,422.18
2019-09-09,554.54,575.21,347.34,666.93,595.98,425.83
2019-09-16,558.9,581.9,346.23,673.72,604.16,425.5
2019-09-23,574.62,598.25,346.03,682.62,618.98,438.39
2019-09-30,576.45,600.36,344.85,677.7,616.34,445.83
2019-10-07,571.2,595,350.78,667.78,615.16,447.94
2019-10-14,565.92,589.94,353.47,667.49,615.34,448.5
2019-10-21,562.12,587.47,353.37,669.59,614.8,436.72
2019-10-28,560.03,585.82,352.81,674.01,619.61,445.39
2019-11-04,560.46,586.89,353.06,670.65,614.71,444.39
2019-11-11,561.54,587.76,353.01,673.22,619.8,450.61
2019-11-18,561.61,587.51,352.15,677.18,618.16,448.05
2019-11-25,563.81,587.71,352.12,676.09,620.52,453.83
2019-12-02,567.32,592.7,355.16,681.31,620.89,453.94
2019-12-09,567.03,592.5,357.11,680.28,629.07,468.5
2019-12-16,565.05,591.1,357.93,681.59,632.25,479.05
2020-01-06,574.99,603.26,370.57,690.38,649.16,507.61
2020-01-13,577.96,606.67,378.87,689.77,661.25,542.94
2020-01-20,572.51,602.74,380.49,678.49,649.98,522.39
2020-01-27,572.53,597.62,380.61,665.32,642.61,503.28
2020-02-03,558.89,586.67,380.31,657.39,634.52,482.61
2020-02-10,545.93,571.67,373.96,651.82,610.11,456.61
2020-02-17,539.75,564.04,372.21,650.74,606.55,464.49
2020-02-24,538.4,562.45,369.93,654.46,609.69,464.61
2020-03-02,534.02,556.5,367.41,619.45,571.1,414.36
2020-03-09,519.4,541.78,361.83,616.63,573.49,412.49
2020-03-16,498.31,521.15,358.14,554.87,523.41,339.74
2020-03-23,482.64,504.3,357.32,531.68,477.21,291.11
2020-03-30,465.49,487.36,357.6,545.3,483.91,270.99
2020-04-06,449.31,471.14,350.53,514.09,458.11,255.61
2020-04-13,437.4,460.96,345.89,519.42,464.23,273.24
2020-04-20,428.37,453.44,345.54,491.87,450.68,263.74
2020-04-27,412.26,437.57,343.69,466.81,393.66,247.36
2020-05-04,398.06,421.25,342.64,458.64,411.26,251.74
2020-05-11,388,409.48,340.7,470.71,418.21,273.36
2020-05-18,383.69,405.05,339.45,473.78,443.61,281.24
2020-05-25,391.9,412.41,338.98,488.5,468.21,322.05
2020-06-01,395.76,416.08,338.74,489.97,467.71,318.61
2020-06-08,395.38,415.71,338.96,500.42,479.02,334.83
2020-06-15,400.92,420.71,339.16,492.52,475.22,335.61
2020-06-22,407.16,426.08,339.24,506.86,482.58,346.39
2020-06-29,418.47,436.31,339.87,508.59,479.69,344.28
2020-07-06,419.82,438.17,339.44,519.04,484.23,353.61
2020-07-13,422.26,440.24,339.78,519.65,483.99,354.17
2020-07-20,422.91,440.66,339.87,520.94,473.66,333.83
2020-07-27,422.06,439.76,339.93,521,472.33,332.94
2020-08-03,420.5,438.62,339.92,513.42,467.21,326.94
2020-08-10,417.22,435.32,339.58,515.44,465.64,331.5
2020-08-17,417.69,435.51,339.84,514.59,466.63,332.39
2020-08-24,418.88,436.34,341.14,511.37,465.06,330.5
2020-08-31,419.21,436.03,340.1,507.41,462.91,331.39
2020-09-07,417.9,433.12,339.16,497.72,454.81,319.61
2020-09-14,412.62,427.09,339.08,487.07,446.96,312.61
2020-09-21,409.88,421.46,338.55,490.61,453.57,324.5
2020-09-28,410.57,419.44,338.18,485.46,449.2,322.17
2020-10-05,409.5,417.59,337.72,487.92,451.34,322.72
2020-10-12,409.82,416.21,337.78,489.21,460.27,336.94
2020-10-19,410.24,415.78,338.26,489.36,461.92,337.83
2020-10-26,409.08,414.17,337.89,486.43,460.76,336.5
2020-11-02,405.93,411.1,337.61,473.67,448.78,323.5
2020-11-09,401.39,406.14,338.35,475.89,449.2,333.17
2020-11-16,407.22,411.53,339.2,489.65,460.51,348.72
2020-11-23,413.6,418.76,342.12,496.14,462.33,348.05
2020-11-30,422.11,427.89,347.31,513.15,481.75,360.83
2020-12-07,426.8,434.89,349.87,521.09,484.48,362.05
2020-12-14,429.4,438.59,352.39,525.36,492.25,370.61
2020-12-21,441.75,451.71,358.2,532.36,500.11,376.05
2020-12-28,447.07,457.84,362.18,531.04,495.97,379.5
2021-01-04,453.16,463.78,363.98,535.02,495.14,376.83
2021-01-11,460.18,468.65,368.22,541.58,508.21,388.94
2021-01-18,473.22,480.51,371.71,552.68,523.99,403.61
2021-01-25,481.57,486.25,374.09,552.21,535.06,407.72
2021-02-01,484.71,489.62,374.95,557.3,530.84,401.72
2021-02-08,492.01,497.89,377.66,567.69,546.13,428.83
2021-02-15,501.46,507.96,378.8,579.28,553.66,449.05
2021-02-22,516.31,522.69,381.74,596.59,560.27,462.72
2021-03-01,531.09,537.07,384.6,610.17,565.56,477.05
2021-03-08,541.8,547.51,389.08,608.82,567.87,492.72
2021-03-15,555.33,559.71,392.39,623.43,570.02,492.17
2021-03-22,565.67,567.01,394.16,614.15,556.05,474.83
2021-03-29,562.87,563.17,396.04,611.28,548.86,465.17
2021-04-05,561.94,560.58,396.65,612.95,551.51,472.05
2021-04-12,561.37,558.98,396.7,610.81,550.43,466.17
2021-04-19,562.13,559.37,396.05,612.22,571.26,479.17
2021-04-26,564.23,560.96,396.33,611.31,562.5,470.72
2021-05-03,565.81,561.97,397.71,614.32,566.05,474.39
2021-05-10,573.09,568.83,397.58,619.18,571.67,476.94
2021-05-17,577.4,573.3,397.69,618.89,566.21,469.5
2021-05-24,576.85,572.21,395.12,617.95,555.31,459.28
2021-05-31,574.9,569.48,394.94,621.55,556.21,463.28
2021-06-07,582.29,577.32,395.7,629.08,562.91,476.72
2021-06-14,587.55,583.26,397.16,637.04,565.72,479.5
2021-06-21,594.94,590.92,399.08,645.21,577.62,490.83
2021-06-28,603.25,600.44,399.25,647.72,584.4,498.83
2021-07-05,611.22,607.63,402.25,655.36,590.76,509.05
2021-07-12,623.73,618.59,405.23,656.39,595.89,502.5
2021-07-19,628.37,622.63,413.09,660.96,589.69,507.5
2021-07-26,627,620.77,414.88,657.13,588.86,501.05
2021-08-02,628.59,620.44,415,660.55,592.25,508.39
2021-08-09,630.13,620.29,420.16,654.9,582.91,494.61
2021-08-16,629.11,618.46,422.69,652.49,583.57,498.5
2021-08-23,626.02,614.92,424.04,643.54,571.26,479.72
2021-08-30,624.25,612.08,423.53,654.93,584.15,499.83
2021-09-06,628.31,615.47,427.39,659.96,593.16,515.28
2021-09-13,633.97,620.35,434.12,657.45,593,514.05
2021-09-20,641,625.75,434.71,669.27,603.41,524.83
2021-09-27,645.67,631.35,436.87,684.55,625.64,534.5
2021-10-04,654.3,642.21,440.8,708.56,639.77,559.39
2021-10-11,675.76,667.13,494.6,723.87,645.72,572.83
2021-10-18,692.78,688.49,523,747.58,661.51,584.5
2021-10-25,702.62,700.55,529.49,749.77,670.19,585.83
2021-11-01,705.41,704.8,533.21,749.77,667.79,582.39
2021-11-08,706.65,705.42,535.01,741.2,663.32,571.83
2021-11-15,705.67,704.67,536.28,749.66,667.12,583.05
2021-11-22,703.46,703.35,537.38,743.01,664.31,580.72
2021-11-29,700.09,700.21,537.43,746.32,673.08,592.05
2021-12-06,692.01,692.23,532.35,717.95,647.79,548.05
2021-12-13,685.82,686.18,526.63,731.77,649.85,564.5
2021-12-20,683.45,683.53,524.17,734.7,649.2,560.83
2021-12-27,681.1,682.04,524.34,739.5,649.44,563.39
2022-01-03,683.94,684.17,523.48,739.21,657.21,575.5
2022-01-10,692.42,692.44,524.05,762.89,667.04,590.5
2022-01-17,709.56,710.67,522.5,774.51,674.98,595.5
2022-01-24,729.5,732.71,522.17,798.43,681.42,626.72
2022-01-31,744.32,749.23,522.71,809.81,696.96,633.83
2022-02-07,762.85,768.33,522.98,826.36,721.42,644.39
2022-02-14,775.91,782.76,522.01,833.54,724.57,647.17
2022-02-21,787.94,794.37,522.25,838.72,729.85,653.5
2022-02-28,803.45,809.21,522.68,879.28,760.43,694.39
2022-03-07,872.53,882.05,552.36,1003.28,841.67,796.39
2022-03-14,1062.24,1148.69,566.39,1089.25,895.06,826.28
2022-03-21,1023.4,1124.04,571.43,1065.15,885.31,750.83
2022-03-28,1054.75,1155.45,590.99,1106.53,898.86,804.28
2022-04-04,991.04,1098.31,579.63,1038.36,884.9,767.05
2022-04-11,968.62,1075.68,585.86,1020.92,865.22,734.5
2022-04-18,961.96,1067.62,587.21,1060.53,883.99,755.94
2022-04-25,969.37,1081.3,588.48,1066.32,887.95,758.61
2022-05-02,979.21,1100.73,592.01,1104.44,905.39,773.39
2022-05-09,1003.79,1133.09,586.24,1094.98,895.97,769.72
2022-05-16,1015.98,1130.93,583.42,1079.51,895.14,764.5
2022-05-23,1056.94,1124.36,581.59,1060.51,914.98,770.5
2022-05-30,1067.06,1118.49,580.62,1088.01,928.86,783.17
2022-06-06,1112.21,1150.24,580.09,1153.93,957.21,807.39
2022-06-13,1172.63,1218.89,579.72,1202.1,978.86,827.17
2022-06-20,1212.98,1276.9,579.66,1229.09,988.53,801.05
2022-06-27,1221.58,1299.67,579.58,1245.63,988.11,774.61
2022-07-04,1214.26,1290.41,578.98,1213.53,950.76,786.61
2022-07-11,1184.26,1256.89,577.23,1202.21,980.68,768.05
2022-07-18,1151.69,1223.49,576.13,1192.69,924.73,740.05
2022-07-25,1109.7,1185.44,574.63,1143.51,923.16,760.17
2022-08-01,1060.25,1150.35,572.25,1141.13,933.91,760.28
2022-08-08,1022.09,1117.26,562.66,1055.72,917.89,731.94
2022-08-15,972.6,1072.38,555.63,1031.99,949.77,744.83
2022-08-22,955.46,1062.44,559.49,1067.17,935.81,737.94
2022-08-29,965.44,1115.13,553.9,1130.16,964.65,769.83
2022-09-05,953.22,1139.49,557.17,1123.31,937.89,728.17
2022-09-12,933.26,1130.79,557.38,1092.72,919.61,708.28
2022-09-19,908.07,1110.54,555.77,1048.77,911.34,703.17
2022-09-26,879.08,1076.64,554.79,1063.49,914.48,708.83
2022-10-03,859.97,1057.46,552.56,1065.99,910.11,707.05
2022-10-10,882.08,1098.98,551.08,1150.04,948.11,732.83
2022-10-17,913.07,1175.77,550.14,1163.22,954.81,719.5
2022-10-24,907.86,1173.65,544.84,1139.59,946.71,704.72
